id_row,date,estado,municipio,cod_municipio,casos,obitos,novos_casos
1,2020-03-28,MG,Belo Horizonte,310620.0,129,0,0
2,2020-03-29,MG,Belo Horizonte,310620.0,143,0,14
3,2020-03-30,MG,Belo Horizonte,310620.0,163,1,20
4,2020-03-31,MG,Belo Horizonte,310620.0,163,2,0
5,2020-04-01,MG,Belo Horizonte,310620.0,188,2,25
6,2020-04-02,MG,Belo Horizonte,310620.0,210,3,22
7,2020-04-03,MG,Belo Horizonte,310620.0,225,3,15
8,2020-04-04,MG,Belo Horizonte,310620.0,237,3,12
9,2020-04-05,MG,Belo Horizonte,310620.0,262,3,25
10,2020-04-06,MG,Belo Horizonte,310620.0,264,4,2
11,2020-04-07,MG,Belo Horizonte,310620.0,275,5,11
12,2020-04-08,MG,Belo Horizonte,310620.0,299,6,24
13,2020-04-09,MG,Belo Horizonte,310620.0,310,6,11
14,2020-04-10,MG,Belo Horizonte,310620.0,330,6,20
15,2020-04-11,MG,Belo Horizonte,310620.0,338,6,8
16,2020-04-12,MG,Belo Horizonte,310620.0,355,6,17
17,2020-04-13,MG,Belo Horizonte,310620.0,357,6,2
18,2020-04-14,MG,Belo Horizonte,310620.0,373,6,16
19,2020-04-15,MG,Belo Horizonte,310620.0,380,6,7
20,2020-04-16,MG,Belo Horizonte,310620.0,390,7,10
21,2020-04-17,MG,Belo Horizonte,310620.0,406,8,16
22,2020-04-18,MG,Belo Horizonte,310620.0,420,8,14
23,2020-04-19,MG,Belo Horizonte,310620.0,448,8,28
24,2020-04-20,MG,Belo Horizonte,310620.0,460,8,12
25,2020-04-21,MG,Belo Horizonte,310620.0,467,8,7
26,2020-04-22,MG,Belo Horizonte,310620.0,487,9,20
27,2020-04-23,MG,Belo Horizonte,310620.0,491,9,4
28,2020-04-24,MG,Belo Horizonte,310620.0,519,11,28
29,2020-04-25,MG,Belo Horizonte,310620.0,528,11,9
30,2020-04-26,MG,Belo Horizonte,310620.0,544,11,16
31,2020-04-27,MG,Belo Horizonte,310620.0,559,11,15
32,2020-04-28,MG,Belo Horizonte,310620.0,569,14,10
33,2020-04-29,MG,Belo Horizonte,310620.0,577,16,8
34,2020-04-30,MG,Belo Horizonte,310620.0,593,17,16
35,2020-05-01,MG,Belo Horizonte,310620.0,610,20,17
36,2020-05-02,MG,Belo Horizonte,310620.0,626,20,16
37,2020-05-03,MG,Belo Horizonte,310620.0,646,20,20
38,2020-05-04,MG,Belo Horizonte,310620.0,845,20,199
39,2020-05-05,MG,Belo Horizonte,310620.0,851,22,6
40,2020-05-06,MG,Belo Horizonte,310620.0,857,23,6
41,2020-05-07,MG,Belo Horizonte,310620.0,915,25,58
42,2020-05-08,MG,Belo Horizonte,310620.0,926,25,11
43,2020-05-09,MG,Belo Horizonte,310620.0,960,26,34
44,2020-05-10,MG,Belo Horizonte,310620.0,973,26,13
45,2020-05-11,MG,Belo Horizonte,310620.0,979,26,6
46,2020-05-12,MG,Belo Horizonte,310620.0,992,26,13
47,2020-05-13,MG,Belo Horizonte,310620.0,1048,28,56
48,2020-05-14,MG,Belo Horizonte,310620.0,1068,28,20
49,2020-05-15,MG,Belo Horizonte,310620.0,1088,29,20
50,2020-05-16,MG,Belo Horizonte,310620.0,1150,29,62
51,2020-05-17,MG,Belo Horizonte,310620.0,1160,31,10
52,2020-05-18,MG,Belo Horizonte,310620.0,1189,31,29
53,2020-05-19,MG,Belo Horizonte,310620.0,1249,33,60
54,2020-05-20,MG,Belo Horizonte,310620.0,1287,35,38
55,2020-05-21,MG,Belo Horizonte,310620.0,1316,36,29
56,2020-05-22,MG,Belo Horizonte,310620.0,1351,39,35
57,2020-05-23,MG,Belo Horizonte,310620.0,1393,42,42
58,2020-05-24,MG,Belo Horizonte,310620.0,1434,42,41
59,2020-05-25,MG,Belo Horizonte,310620.0,1444,42,10
60,2020-05-26,MG,Belo Horizonte,310620.0,1534,43,90
61,2020-05-27,MG,Belo Horizonte,310620.0,1613,43,79
62,2020-05-28,MG,Belo Horizonte,310620.0,1674,46,61
63,2020-05-29,MG,Belo Horizonte,310620.0,1766,48,92
64,2020-05-30,MG,Belo Horizonte,310620.0,1778,49,12
65,2020-05-31,MG,Belo Horizonte,310620.0,1852,49,74
66,2020-06-01,MG,Belo Horizonte,310620.0,1882,49,30
67,2020-06-02,MG,Belo Horizonte,310620.0,1912,51,30
68,2020-06-03,MG,Belo Horizonte,310620.0,2029,51,117
69,2020-06-04,MG,Belo Horizonte,310620.0,2144,55,115
70,2020-06-05,MG,Belo Horizonte,310620.0,2305,58,161
71,2020-06-06,MG,Belo Horizonte,310620.0,2408,60,103
72,2020-06-07,MG,Belo Horizonte,310620.0,2497,59,89
73,2020-06-08,MG,Belo Horizonte,310620.0,2514,59,17
74,2020-06-09,MG,Belo Horizonte,310620.0,2549,62,35
75,2020-06-10,MG,Belo Horizonte,310620.0,2832,62,283
76,2020-06-11,MG,Belo Horizonte,310620.0,2919,66,87
77,2020-06-12,MG,Belo Horizonte,310620.0,3094,66,175
78,2020-06-13,MG,Belo Horizonte,310620.0,3224,67,130
79,2020-06-14,MG,Belo Horizonte,310620.0,3425,67,201
80,2020-06-15,MG,Belo Horizonte,310620.0,3487,67,62
81,2020-06-16,MG,Belo Horizonte,310620.0,3488,76,1
82,2020-06-17,MG,Belo Horizonte,310620.0,3631,83,143
83,2020-06-18,MG,Belo Horizonte,310620.0,3810,87,179
84,2020-06-19,MG,Belo Horizonte,310620.0,3879,90,69
85,2020-06-20,MG,Belo Horizonte,310620.0,3992,96,113
86,2020-06-21,MG,Belo Horizonte,310620.0,4083,96,91
87,2020-06-22,MG,Belo Horizonte,310620.0,4428,96,345
88,2020-06-23,MG,Belo Horizonte,310620.0,4667,96,239
89,2020-06-24,MG,Belo Horizonte,310620.0,4772,104,105
90,2020-06-25,MG,Belo Horizonte,310620.0,4942,106,170
91,2020-06-26,MG,Belo Horizonte,310620.0,4977,109,35
92,2020-06-27,MG,Belo Horizonte,310620.0,4977,108,0
93,2020-06-28,MG,Belo Horizonte,310620.0,5195,108,218
94,2020-06-29,MG,Belo Horizonte,310620.0,5440,130,245
95,2020-06-30,MG,Belo Horizonte,310620.0,5510,136,70
96,2020-07-01,MG,Belo Horizonte,310620.0,5915,144,405
97,2020-07-02,MG,Belo Horizonte,310620.0,6570,157,655
98,2020-07-03,MG,Belo Horizonte,310620.0,7144,168,574
99,2020-07-04,MG,Belo Horizonte,310620.0,7561,176,417
100,2020-07-05,MG,Belo Horizonte,310620.0,7890,176,329
101,2020-07-06,MG,Belo Horizonte,310620.0,8080,176,190
102,2020-07-07,MG,Belo Horizonte,310620.0,8273,188,193
103,2020-07-08,MG,Belo Horizonte,310620.0,8774,200,501
104,2020-07-09,MG,Belo Horizonte,310620.0,9361,223,587
105,2020-07-10,MG,Belo Horizonte,310620.0,9978,246,617
106,2020-07-11,MG,Belo Horizonte,310620.0,10618,249,640
107,2020-07-12,MG,Belo Horizonte,310620.0,10618,249,0
108,2020-07-13,MG,Belo Horizonte,310620.0,10618,270,0
109,2020-07-14,MG,Belo Horizonte,310620.0,11304,285,686
110,2020-07-15,MG,Belo Horizonte,310620.0,12123,296,819
111,2020-07-16,MG,Belo Horizonte,310620.0,12123,319,0
112,2020-07-17,MG,Belo Horizonte,310620.0,12231,328,108
113,2020-07-18,MG,Belo Horizonte,310620.0,13700,342,1469
114,2020-07-19,MG,Belo Horizonte,310620.0,13700,342,0
115,2020-07-20,MG,Belo Horizonte,310620.0,13700,342,0
116,2020-07-21,MG,Belo Horizonte,310620.0,14001,377,301
117,2020-07-22,MG,Belo Horizonte,310620.0,14089,398,88
118,2020-07-23,MG,Belo Horizonte,310620.0,15051,417,962
119,2020-07-24,MG,Belo Horizonte,310620.0,16100,432,1049
120,2020-07-25,MG,Belo Horizonte,310620.0,16670,459,570
121,2020-07-26,MG,Belo Horizonte,310620.0,17237,459,567
122,2020-07-27,MG,Belo Horizonte,310620.0,17237,459,0
123,2020-07-28,MG,Belo Horizonte,310620.0,18197,483,960
124,2020-07-29,MG,Belo Horizonte,310620.0,18197,482,0
125,2020-07-30,MG,Belo Horizonte,310620.0,19112,498,915
126,2020-07-31,MG,Belo Horizonte,310620.0,20276,528,1164
127,2020-08-01,MG,Belo Horizonte,310620.0,20276,552,0
128,2020-08-02,MG,Belo Horizonte,310620.0,20594,552,318
129,2020-08-03,MG,Belo Horizonte,310620.0,20594,552,0
130,2020-08-04,MG,Belo Horizonte,310620.0,21072,552,478
131,2020-08-05,MG,Belo Horizonte,310620.0,22411,552,1339
132,2020-08-06,MG,Belo Horizonte,310620.0,22676,621,265
133,2020-08-07,MG,Belo Horizonte,310620.0,24115,621,1439
134,2020-08-08,MG,Belo Horizonte,310620.0,24436,649,321
135,2020-08-09,MG,Belo Horizonte,310620.0,25052,670,616
136,2020-08-10,MG,Belo Horizonte,310620.0,25096,670,44
137,2020-08-11,MG,Belo Horizonte,310620.0,25096,670,0
138,2020-08-12,MG,Belo Horizonte,310620.0,26440,722,1344
139,2020-08-13,MG,Belo Horizonte,310620.0,26886,740,446
140,2020-08-14,MG,Belo Horizonte,310620.0,27485,758,599
141,2020-08-15,MG,Belo Horizonte,310620.0,27953,777,468
142,2020-08-16,MG,Belo Horizonte,310620.0,28373,786,420
143,2020-08-17,MG,Belo Horizonte,310620.0,28462,808,89
144,2020-08-18,MG,Belo Horizonte,310620.0,28649,815,187
145,2020-08-19,MG,Belo Horizonte,310620.0,29273,838,624
146,2020-08-20,MG,Belo Horizonte,310620.0,29690,854,417
147,2020-08-21,MG,Belo Horizonte,310620.0,30305,873,615
148,2020-08-22,MG,Belo Horizonte,310620.0,30305,876,0
149,2020-08-23,MG,Belo Horizonte,310620.0,30481,882,176
150,2020-08-24,MG,Belo Horizonte,310620.0,30481,882,0
151,2020-08-25,MG,Belo Horizonte,310620.0,31461,882,980
152,2020-08-26,MG,Belo Horizonte,310620.0,31840,891,379
153,2020-08-27,MG,Belo Horizonte,310620.0,32303,912,463
154,2020-08-28,MG,Belo Horizonte,310620.0,32721,944,418
155,2020-08-29,MG,Belo Horizonte,310620.0,33092,968,371
156,2020-08-30,MG,Belo Horizonte,310620.0,33092,978,0
157,2020-08-31,MG,Belo Horizonte,310620.0,33544,978,452
158,2020-09-01,MG,Belo Horizonte,310620.0,33657,978,113
159,2020-09-02,MG,Belo Horizonte,310620.0,34121,1003,464
160,2020-09-03,MG,Belo Horizonte,310620.0,34530,1021,409
161,2020-09-04,MG,Belo Horizonte,310620.0,34530,1051,0
162,2020-09-05,MG,Belo Horizonte,310620.0,35319,1051,789
163,2020-09-06,MG,Belo Horizonte,310620.0,35673,1073,354
164,2020-09-07,MG,Belo Horizonte,310620.0,35779,1073,106
165,2020-09-08,MG,Belo Horizonte,310620.0,35779,1073,0
166,2020-09-09,MG,Belo Horizonte,310620.0,35983,1076,204
167,2020-09-10,MG,Belo Horizonte,310620.0,36351,1080,368
168,2020-09-11,MG,Belo Horizonte,310620.0,36848,1097,497
169,2020-09-12,MG,Belo Horizonte,310620.0,37123,1104,275
170,2020-09-13,MG,Belo Horizonte,310620.0,37123,1120,0
171,2020-09-14,MG,Belo Horizonte,310620.0,37602,1120,479
172,2020-09-15,MG,Belo Horizonte,310620.0,37801,1127,199
173,2020-09-16,MG,Belo Horizonte,310620.0,38166,1136,365
174,2020-09-17,MG,Belo Horizonte,310620.0,38629,1144,463
175,2020-09-18,MG,Belo Horizonte,310620.0,38978,1153,349
176,2020-09-19,MG,Belo Horizonte,310620.0,39321,1158,343
177,2020-09-20,MG,Belo Horizonte,310620.0,39336,1167,15
178,2020-09-21,MG,Belo Horizonte,310620.0,39340,1167,4
179,2020-09-22,MG,Belo Horizonte,310620.0,39379,1167,39
180,2020-09-23,MG,Belo Horizonte,310620.0,39467,1172,88
181,2020-09-24,MG,Belo Horizonte,310620.0,39538,1191,71
182,2020-09-25,MG,Belo Horizonte,310620.0,41091,1199,1553
183,2020-09-26,MG,Belo Horizonte,310620.0,41091,1221,0
184,2020-09-27,MG,Belo Horizonte,310620.0,41334,1232,243
185,2020-09-28,MG,Belo Horizonte,310620.0,41619,1232,285
186,2020-09-29,MG,Belo Horizonte,310620.0,41743,1230,124
187,2020-09-30,MG,Belo Horizonte,310620.0,42236,1243,493
188,2020-10-01,MG,Belo Horizonte,310620.0,42398,1256,162
189,2020-10-02,MG,Belo Horizonte,310620.0,42659,1270,261
190,2020-10-03,MG,Belo Horizonte,310620.0,42875,1276,216
191,2020-10-04,MG,Belo Horizonte,310620.0,43063,1287,188
192,2020-10-05,MG,Belo Horizonte,310620.0,43153,1287,90
193,2020-10-06,MG,Belo Horizonte,310620.0,43304,1289,151
194,2020-10-07,MG,Belo Horizonte,310620.0,43543,1301,239
195,2020-10-08,MG,Belo Horizonte,310620.0,43543,1321,0
196,2020-10-09,MG,Belo Horizonte,310620.0,44127,1330,584
197,2020-10-10,MG,Belo Horizonte,310620.0,44354,1340,227
198,2020-10-11,MG,Belo Horizonte,310620.0,44635,1360,281
199,2020-10-12,MG,Belo Horizonte,310620.0,44635,1360,0
200,2020-10-13,MG,Belo Horizonte,310620.0,44722,1360,87
201,2020-10-14,MG,Belo Horizonte,310620.0,44856,1360,134
202,2020-10-15,MG,Belo Horizonte,310620.0,45120,1372,264
203,2020-10-16,MG,Belo Horizonte,310620.0,45437,1391,317
204,2020-10-17,MG,Belo Horizonte,310620.0,45720,1397,283
205,2020-10-18,MG,Belo Horizonte,310620.0,45958,1404,238
206,2020-10-19,MG,Belo Horizonte,310620.0,45958,1404,0
207,2020-10-20,MG,Belo Horizonte,310620.0,46171,1403,213
208,2020-10-21,MG,Belo Horizonte,310620.0,46482,1413,311
209,2020-10-22,MG,Belo Horizonte,310620.0,46707,1425,225
210,2020-10-23,MG,Belo Horizonte,310620.0,46707,1433,0
211,2020-10-24,MG,Belo Horizonte,310620.0,46707,1444,0
212,2020-10-25,MG,Belo Horizonte,310620.0,47137,1449,430
213,2020-10-26,MG,Belo Horizonte,310620.0,47137,1449,0
214,2020-10-27,MG,Belo Horizonte,310620.0,47511,1448,374
215,2020-10-28,MG,Belo Horizonte,310620.0,47755,1465,244
216,2020-10-29,MG,Belo Horizonte,310620.0,47942,1471,187
217,2020-10-30,MG,Belo Horizonte,310620.0,48123,1472,181
218,2020-10-31,MG,Belo Horizonte,310620.0,48339,1484,216
219,2020-11-01,MG,Belo Horizonte,310620.0,48339,1493,0
220,2020-11-02,MG,Belo Horizonte,310620.0,48545,1493,206
221,2020-11-03,MG,Belo Horizonte,310620.0,48572,1493,27
222,2020-11-04,MG,Belo Horizonte,310620.0,48707,1494,135
223,2020-11-05,MG,Belo Horizonte,310620.0,48890,1505,183
224,2020-11-06,MG,Belo Horizonte,310620.0,49038,1520,148
225,2020-11-07,MG,Belo Horizonte,310620.0,49286,1520,248
226,2020-11-08,MG,Belo Horizonte,310620.0,49535,1520,249
227,2020-11-09,MG,Belo Horizonte,310620.0,49611,1520,76
228,2020-11-10,MG,Belo Horizonte,310620.0,49672,1520,61
229,2020-11-11,MG,Belo Horizonte,310620.0,49863,1520,191
230,2020-11-12,MG,Belo Horizonte,310620.0,50078,1534,215
231,2020-11-13,MG,Belo Horizonte,310620.0,50403,1553,325
232,2020-11-14,MG,Belo Horizonte,310620.0,50587,1567,184
233,2020-11-15,MG,Belo Horizonte,310620.0,50587,1567,0
234,2020-11-16,MG,Belo Horizonte,310620.0,50587,1567,0
235,2020-11-17,MG,Belo Horizonte,310620.0,51194,1568,607
236,2020-11-18,MG,Belo Horizonte,310620.0,51494,1582,300
237,2020-11-19,MG,Belo Horizonte,310620.0,51802,1591,308
238,2020-11-20,MG,Belo Horizonte,310620.0,52081,1598,279
239,2020-11-21,MG,Belo Horizonte,310620.0,52352,1609,271
240,2020-11-22,MG,Belo Horizonte,310620.0,52352,1618,0
241,2020-11-23,MG,Belo Horizonte,310620.0,52735,1618,383
242,2020-11-24,MG,Belo Horizonte,310620.0,52870,1614,135
243,2020-11-25,MG,Belo Horizonte,310620.0,53115,1619,245
244,2020-11-26,MG,Belo Horizonte,310620.0,53337,1623,222
245,2020-11-27,MG,Belo Horizonte,310620.0,53625,1634,288
246,2020-11-28,MG,Belo Horizonte,310620.0,53625,1642,0
247,2020-11-29,MG,Belo Horizonte,310620.0,53625,1648,0
248,2020-11-30,MG,Belo Horizonte,310620.0,53625,1648,0
249,2020-12-01,MG,Belo Horizonte,310620.0,54413,1649,788
250,2020-12-02,MG,Belo Horizonte,310620.0,54754,1660,341
251,2020-12-03,MG,Belo Horizonte,310620.0,55039,1667,285
252,2020-12-04,MG,Belo Horizonte,310620.0,55378,1674,339
253,2020-12-05,MG,Belo Horizonte,310620.0,55710,1685,332
254,2020-12-06,MG,Belo Horizonte,310620.0,55956,1696,246
255,2020-12-07,MG,Belo Horizonte,310620.0,55956,1696,0
256,2020-12-08,MG,Belo Horizonte,310620.0,56106,1696,150
257,2020-12-09,MG,Belo Horizonte,310620.0,56106,1697,0
258,2020-12-10,MG,Belo Horizonte,310620.0,56106,1701,0
259,2020-12-11,MG,Belo Horizonte,310620.0,56948,1720,842
260,2020-12-12,MG,Belo Horizonte,310620.0,57330,1733,382
261,2020-12-13,MG,Belo Horizonte,310620.0,57556,1739,226
262,2020-12-14,MG,Belo Horizonte,310620.0,57585,1739,29
263,2020-12-15,MG,Belo Horizonte,310620.0,57729,1739,144
264,2020-12-16,MG,Belo Horizonte,310620.0,58000,1751,271
265,2020-12-17,MG,Belo Horizonte,310620.0,58411,1759,411
266,2020-12-18,MG,Belo Horizonte,310620.0,58787,1771,376
267,2020-12-19,MG,Belo Horizonte,310620.0,59141,1779,354
268,2020-12-20,MG,Belo Horizonte,310620.0,59437,1787,296
269,2020-12-21,MG,Belo Horizonte,310620.0,59589,1787,152
270,2020-12-22,MG,Belo Horizonte,310620.0,59804,1787,215
271,2020-12-23,MG,Belo Horizonte,310620.0,60267,1799,463
272,2020-12-24,MG,Belo Horizonte,310620.0,60637,1824,370
273,2020-12-25,MG,Belo Horizonte,310620.0,60929,1832,292
274,2020-12-26,MG,Belo Horizonte,310620.0,61165,1837,236
275,2020-12-27,MG,Belo Horizonte,310620.0,61346,1837,181
276,2020-12-28,MG,Belo Horizonte,310620.0,61600,1837,254
277,2020-12-29,MG,Belo Horizonte,310620.0,61825,1838,225
278,2020-12-30,MG,Belo Horizonte,310620.0,62286,1852,461
279,2020-12-31,MG,Belo Horizonte,310620.0,62890,1856,604
280,2021-01-01,MG,Belo Horizonte,310620.0,63387,1875,497
281,2021-01-02,MG,Belo Horizonte,310620.0,63387,1880,0
282,2021-01-03,MG,Belo Horizonte,310620.0,63387,1887,0
283,2021-01-04,MG,Belo Horizonte,310620.0,63387,1893,0
284,2021-01-05,MG,Belo Horizonte,310620.0,64530,1893,1143
285,2021-01-06,MG,Belo Horizonte,310620.0,65141,1899,611
286,2021-01-07,MG,Belo Horizonte,310620.0,65848,1914,707
287,2021-01-08,MG,Belo Horizonte,310620.0,66916,1921,1068
288,2021-01-09,MG,Belo Horizonte,310620.0,68213,1938,1297
289,2021-01-10,MG,Belo Horizonte,310620.0,68213,1955,0
290,2021-01-11,MG,Belo Horizonte,310620.0,68213,1957,0
291,2021-01-12,MG,Belo Horizonte,310620.0,70223,1959,2010
292,2021-01-13,MG,Belo Horizonte,310620.0,71246,1963,1023
293,2021-01-14,MG,Belo Horizonte,310620.0,72955,1976,1709
294,2021-01-15,MG,Belo Horizonte,310620.0,73980,2002,1025
295,2021-01-16,MG,Belo Horizonte,310620.0,75394,2034,1414
296,2021-01-17,MG,Belo Horizonte,310620.0,76567,2040,1173
297,2021-01-18,MG,Belo Horizonte,310620.0,76865,2040,298
298,2021-01-19,MG,Belo Horizonte,310620.0,77302,2040,437
299,2021-01-20,MG,Belo Horizonte,310620.0,77302,2085,0
300,2021-01-21,MG,Belo Horizonte,310620.0,78822,2104,1520
301,2021-01-22,MG,Belo Horizonte,310620.0,80801,2136,1979
302,2021-01-23,MG,Belo Horizonte,310620.0,81654,2163,853
303,2021-01-24,MG,Belo Horizonte,310620.0,81654,2182,0
304,2021-01-25,MG,Belo Horizonte,310620.0,82714,2182,1060
305,2021-01-26,MG,Belo Horizonte,310620.0,83549,2183,835
306,2021-01-27,MG,Belo Horizonte,310620.0,85114,2201,1565
307,2021-01-28,MG,Belo Horizonte,310620.0,86469,2215,1355
308,2021-01-29,MG,Belo Horizonte,310620.0,86469,2225,0
309,2021-01-30,MG,Belo Horizonte,310620.0,88676,2241,2207
310,2021-01-31,MG,Belo Horizonte,310620.0,89514,2264,838
311,2021-02-01,MG,Belo Horizonte,310620.0,89724,2264,210
312,2021-02-02,MG,Belo Horizonte,310620.0,89994,2263,270
313,2021-02-03,MG,Belo Horizonte,310620.0,89994,2282,0
314,2021-02-04,MG,Belo Horizonte,310620.0,92067,2316,2073
315,2021-02-05,MG,Belo Horizonte,310620.0,92067,2353,0
316,2021-02-06,MG,Belo Horizonte,310620.0,92067,2367,0
317,2021-02-07,MG,Belo Horizonte,310620.0,95108,2374,3041
318,2021-02-08,MG,Belo Horizonte,310620.0,95312,2374,204
319,2021-02-09,MG,Belo Horizonte,310620.0,95574,2375,262
320,2021-02-10,MG,Belo Horizonte,310620.0,96599,2402,1025
321,2021-02-11,MG,Belo Horizonte,310620.0,97782,2435,1183
322,2021-02-12,MG,Belo Horizonte,310620.0,98462,2475,680
323,2021-02-13,MG,Belo Horizonte,310620.0,99219,2498,757
324,2021-02-14,MG,Belo Horizonte,310620.0,99219,2522,0
325,2021-02-15,MG,Belo Horizonte,310620.0,99219,2522,0
326,2021-02-16,MG,Belo Horizonte,310620.0,99219,2523,0
327,2021-02-17,MG,Belo Horizonte,310620.0,99370,2564,151
328,2021-02-18,MG,Belo Horizonte,310620.0,99370,2588,0
329,2021-02-19,MG,Belo Horizonte,310620.0,99432,2624,62
330,2021-02-20,MG,Belo Horizonte,310620.0,103556,2655,4124
331,2021-02-21,MG,Belo Horizonte,310620.0,103556,2668,0
332,2021-02-22,MG,Belo Horizonte,310620.0,103556,2668,0
333,2021-02-23,MG,Belo Horizonte,310620.0,105525,2668,1969
334,2021-02-24,MG,Belo Horizonte,310620.0,105525,2692,0
335,2021-02-25,MG,Belo Horizonte,310620.0,107891,2707,2366
336,2021-02-26,MG,Belo Horizonte,310620.0,109269,2721,1378
337,2021-02-27,MG,Belo Horizonte,310620.0,109269,2730,0
338,2021-02-28,MG,Belo Horizonte,310620.0,109269,2742,0
339,2021-03-01,MG,Belo Horizonte,310620.0,111835,2742,2566
340,2021-03-02,MG,Belo Horizonte,310620.0,112230,2742,395
341,2021-03-03,MG,Belo Horizonte,310620.0,113200,2766,970
342,2021-03-04,MG,Belo Horizonte,310620.0,114386,2780,1186
343,2021-03-05,MG,Belo Horizonte,310620.0,115640,2791,1254
344,2021-03-06,MG,Belo Horizonte,310620.0,116419,2814,779
345,2021-03-07,MG,Belo Horizonte,310620.0,116419,2822,0
346,2021-03-08,MG,Belo Horizonte,310620.0,116419,2822,0
347,2021-03-09,MG,Belo Horizonte,310620.0,116419,2823,0
348,2021-03-10,MG,Belo Horizonte,310620.0,118929,2830,2510
349,2021-03-11,MG,Belo Horizonte,310620.0,118929,2855,0
350,2021-03-12,MG,Belo Horizonte,310620.0,120837,2874,1908
351,2021-03-13,MG,Belo Horizonte,310620.0,120837,2881,0
352,2021-03-14,MG,Belo Horizonte,310620.0,123380,2898,2543
353,2021-03-15,MG,Belo Horizonte,310620.0,123700,2898,320
354,2021-03-16,MG,Belo Horizonte,310620.0,123982,2899,282
355,2021-03-17,MG,Belo Horizonte,310620.0,125661,2927,1679
356,2021-03-18,MG,Belo Horizonte,310620.0,125661,2952,0
357,2021-03-19,MG,Belo Horizonte,310620.0,127038,2975,1377
358,2021-03-20,MG,Belo Horizonte,310620.0,127038,2985,0
359,2021-03-21,MG,Belo Horizonte,310620.0,131388,3019,4350
360,2021-03-22,MG,Belo Horizonte,310620.0,131796,3019,408
361,2021-03-23,MG,Belo Horizonte,310620.0,131796,3019,0
362,2021-03-24,MG,Belo Horizonte,310620.0,132376,3050,580
363,2021-03-25,MG,Belo Horizonte,310620.0,132376,3052,0
364,2021-03-26,MG,Belo Horizonte,310620.0,136929,3082,4553
365,2021-03-27,MG,Belo Horizonte,310620.0,138127,3144,1198
366,2021-03-28,MG,Belo Horizonte,310620.0,138127,3166,0
367,2021-03-29,MG,Belo Horizonte,310620.0,138819,3166,692
368,2021-03-30,MG,Belo Horizonte,310620.0,139298,3166,479
369,2021-03-31,MG,Belo Horizonte,310620.0,141219,3205,1921
370,2021-04-01,MG,Belo Horizonte,310620.0,142938,3224,1719
371,2021-04-02,MG,Belo Horizonte,310620.0,144877,3313,1939
372,2021-04-03,MG,Belo Horizonte,310620.0,146352,3373,1475
373,2021-04-04,MG,Belo Horizonte,310620.0,146352,3378,0
374,2021-04-05,MG,Belo Horizonte,310620.0,146352,3378,0
375,2021-04-06,MG,Belo Horizonte,310620.0,146352,3376,0
376,2021-04-07,MG,Belo Horizonte,310620.0,149836,3404,3484
377,2021-04-08,MG,Belo Horizonte,310620.0,151885,3451,2049
378,2021-04-09,MG,Belo Horizonte,310620.0,151885,3533,0
379,2021-04-10,MG,Belo Horizonte,310620.0,154964,3583,3079
380,2021-04-11,MG,Belo Horizonte,310620.0,154964,3652,0
381,2021-04-12,MG,Belo Horizonte,310620.0,154964,3652,0
382,2021-04-13,MG,Belo Horizonte,310620.0,156886,3651,1922
383,2021-04-14,MG,Belo Horizonte,310620.0,158533,3702,1647
384,2021-04-15,MG,Belo Horizonte,310620.0,160095,3756,1562
385,2021-04-16,MG,Belo Horizonte,310620.0,161181,3804,1086
386,2021-04-17,MG,Belo Horizonte,310620.0,162568,3876,1387
387,2021-04-18,MG,Belo Horizonte,310620.0,162568,3913,0
388,2021-04-19,MG,Belo Horizonte,310620.0,162568,3913,0
389,2021-04-20,MG,Belo Horizonte,310620.0,162568,3923,0
390,2021-04-21,MG,Belo Horizonte,310620.0,166187,3967,3619
391,2021-04-22,MG,Belo Horizonte,310620.0,166187,4021,0
392,2021-04-23,MG,Belo Horizonte,310620.0,166187,4026,0
393,2021-04-24,MG,Belo Horizonte,310620.0,169676,4092,3489
394,2021-04-25,MG,Belo Horizonte,310620.0,169676,4125,0
395,2021-04-26,MG,Belo Horizonte,310620.0,169676,4126,0
396,2021-04-27,MG,Belo Horizonte,310620.0,169676,4126,0
397,2021-04-28,MG,Belo Horizonte,310620.0,173352,4173,3676
398,2021-04-29,MG,Belo Horizonte,310620.0,174766,4235,1414
399,2021-04-30,MG,Belo Horizonte,310620.0,176029,4266,1263
400,2021-05-01,MG,Belo Horizonte,310620.0,177432,4311,1403
401,2021-05-02,MG,Belo Horizonte,310620.0,177432,4338,0
402,2021-05-03,MG,Belo Horizonte,310620.0,177432,4338,0
403,2021-05-04,MG,Belo Horizonte,310620.0,179539,4338,2107
404,2021-05-05,MG,Belo Horizonte,310620.0,180976,4384,1437
405,2021-05-06,MG,Belo Horizonte,310620.0,182436,4419,1460
406,2021-05-07,MG,Belo Horizonte,310620.0,183823,4450,1387
407,2021-05-08,MG,Belo Horizonte,310620.0,184979,4497,1156
408,2021-05-09,MG,Belo Horizonte,310620.0,184979,4527,0
409,2021-05-10,MG,Belo Horizonte,310620.0,184979,4541,0
410,2021-05-11,MG,Belo Horizonte,310620.0,186779,4544,1800
411,2021-05-12,MG,Belo Horizonte,310620.0,188099,4579,1320
412,2021-05-13,MG,Belo Horizonte,310620.0,189472,4606,1373
413,2021-05-14,MG,Belo Horizonte,310620.0,190939,4633,1467
414,2021-05-15,MG,Belo Horizonte,310620.0,192227,4658,1288
415,2021-05-16,MG,Belo Horizonte,310620.0,192227,4692,0
416,2021-05-17,MG,Belo Horizonte,310620.0,192227,4702,0
417,2021-05-18,MG,Belo Horizonte,310620.0,193869,4702,1642
418,2021-05-19,MG,Belo Horizonte,310620.0,195103,4750,1234
419,2021-05-20,MG,Belo Horizonte,310620.0,196581,4798,1478
420,2021-05-21,MG,Belo Horizonte,310620.0,196581,4833,0
421,2021-05-22,MG,Belo Horizonte,310620.0,199192,4879,2611
422,2021-05-23,MG,Belo Horizonte,310620.0,199192,4894,0
